area	label
25.210000000000004	1
16.960000000000004	2
2.6800000000000006	3
7.740000000000001	4
11.110000000000003	5
1.4000000000000004	6
2.4000000000000004	7
13.420000000000003	8
