area	label
5.110000000000001	1
4.880000000000001	2
7.6800000000000015	3
5.750000000000001	4
6.080000000000001	5
