,label,area,intensity_mean,intensity_max,intensity_sum,intensity_mean_corr,intensity_max_corr,intensity_sum_corr
0,85,303,134.8910891089109,186.0,40872.00000000001,34.498231966053766,85.60714285714286,10452.964285714292
1,171,185,151.30810810810812,357.0,27992.0,50.915250965250976,256.6071428571429,9419.321428571431
