,label,area,intensity_mean,intensity_max
0,1,163,159.80368098159508,186.0
1,2,80,210.5,357.0
2,3,140,100.39285714285714,115.0
